{
    "0": {
        "precision": 0.7142857142857143,
        "recall": 0.7065217391304348,
        "f1-score": 0.7103825136612022,
        "support": 92.0
    },
    "1": {
        "precision": 0.7522935779816514,
        "recall": 0.7592592592592593,
        "f1-score": 0.7557603686635944,
        "support": 108.0
    },
    "accuracy": 0.735,
    "macro avg": {
        "precision": 0.7332896461336829,
        "recall": 0.7328904991948471,
        "f1-score": 0.7330714411623983,
        "support": 200.0
    },
    "weighted avg": {
        "precision": 0.7348099606815204,
        "recall": 0.735,
        "f1-score": 0.7348865553624941,
        "support": 200.0
    }
}